"project_name","total_raised","testimonial_count","cost_per_beneficiary"
"orchestrate proactive convergence","25183.66","1","25183.66"
"disintermediate B2C convergence","57347.09","2","28673.55"
"unleash plug-and-play supply-chains","95870.48","3","31956.83"
"repurpose mission-critical networks","219077.30","1","219077.30"
"evolve back-end e-services","118246.02","1","118246.02"
"cultivate customized e-tailers","220047.86","1","220047.86"
"transition global bandwidth","99603.39","1","99603.39"
"utilize granular infrastructures","176724.41","1","176724.41"
"maximize leading-edge web services","82105.86","1","82105.86"
"evolve B2B action-items","130297.54","3","43432.51"
"innovate interactive deliverables","73196.62","3","24398.87"
"benchmark e-business metrics","184997.22","1","184997.22"
"embrace real-time convergence","66957.53","1","66957.53"
"reinvent synergistic users","49432.25","1","49432.25"
"cultivate dynamic niches","268032.67","2","134016.34"
"cultivate holistic functionalities","107028.83","1","107028.83"
"enable enterprise experiences","90781.35","1","90781.35"
"incentivize value-added web-readiness","76210.71","1","76210.71"
"maximize cross-platform communities","202999.49","1","202999.49"
